[
  {
    "model": "core.branch",
    "pk": 1,
    "fields": {
      "name": "\u0413\u043b\u0430\u0432\u043d\u0430\u044f \u043e\u0440\u0433\u0430\u043d\u0438\u0437\u0430\u0446\u0438\u044f",
      "short": "main",
      "is_blocked": false
    }
  },
  {
    "model": "core.branch",
    "pk": 2,
    "fields": {
      "name": "\u0415\u0449\u0435 \u043e\u0434\u043d\u0430 \u0444\u0438\u0440\u043c\u0430",
      "short": "\u0424\u0438\u0440\u043c\u0430\u041e\u0413\u041e\u0413\u041e",
      "is_blocked": false
    }
  },
  {
    "model": "core.reference",
    "pk": 1,
    "fields": {
      "branch": 1,
      "code": "opened",
      "name": "\u043e\u0442\u043a\u0440\u044b\u0442\u043e",
      "description": "\u043e\u0442\u043a\u0440\u044b\u0442\u043e"
    }
  },
  {
    "model": "core.reference",
    "pk": 2,
    "fields": {
      "branch": 1,
      "code": "assigned_to",
      "name": "\u043d\u0430\u0437\u043d\u0430\u0447\u0435\u043d\u043e",
      "description": "\u043d\u0430\u0437\u043d\u0430\u0447\u0435\u043d\u043e"
    }
  },
  {
    "model": "core.reference",
    "pk": 3,
    "fields": {
      "branch": 1,
      "code": "in_progress",
      "name": "\u0432 \u0440\u0430\u0431\u043e\u0442\u0435",
      "description": "\u0432 \u0440\u0430\u0431\u043e\u0442\u0435"
    }
  },
  {
    "model": "core.reference",
    "pk": 4,
    "fields": {
      "branch": 1,
      "code": "solved",
      "name": "\u0440\u0435\u0448\u0435\u043d\u043e",
      "description": "\u0440\u0435\u0448\u0435\u043d\u043e"
    }
  },
  {
    "model": "core.reference",
    "pk": 5,
    "fields": {
      "branch": 1,
      "code": "canceled",
      "name": "\u043e\u0442\u043c\u0435\u043d\u0435\u043d\u043e",
      "description": "\u043e\u0442\u043c\u0435\u043d\u0435\u043d\u043e"
    }
  },
  {
    "model": "core.reference",
    "pk": 6,
    "fields": {
      "branch": 1,
      "code": "closed",
      "name": "\u0437\u0430\u043a\u0440\u044b\u0442\u043e",
      "description": "\u0437\u0430\u043a\u0440\u044b\u0442\u043e"
    }
  },
  {
    "model": "core.reference",
    "pk": 7,
    "fields": {
      "branch": 1,
      "code": "returned",
      "name": "\u0432\u043e\u0437\u0432\u0440\u0430\u0449\u0435\u043d\u043e",
      "description": "\u0432\u043e\u0437\u0432\u0440\u0430\u0449\u0435\u043d\u043e"
    }
  },
  {
    "model": "core.reference",
    "pk": 8,
    "fields": {
      "branch": 1,
      "code": "cust0001",
      "name": "\u0422\u041e\u041e \u041a\u043b\u0438\u0435\u043d\u0442 1",
      "description": "\u0422\u041e\u041e \u041a\u043b\u0438\u0435\u043d\u0442 1"
    }
  },
  {
    "model": "core.reference",
    "pk": 9,
    "fields": {
      "branch": 1,
      "code": "cust0002",
      "name": "\u0422\u041e\u041e \u041a\u043b\u0438\u0435\u043d\u0442 2",
      "description": "\u0422\u041e\u041e \u041a\u043b\u0438\u0435\u043d\u0442 2"
    }
  },
  {
    "model": "core.reference",
    "pk": 10,
    "fields": {
      "branch": 2,
      "code": "cust0003",
      "name": "\u0422\u041e\u041e \u041a\u043b\u0438\u0435\u043d\u0442 1 -1",
      "description": "\u0422\u041e\u041e \u041a\u043b\u0438\u0435\u043d\u0442 1 -1"
    }
  },
  {
    "model": "bpm.status",
    "pk": 1,
    "fields": {}
  },
  {
    "model": "bpm.status",
    "pk": 2,
    "fields": {}
  },
  {
    "model": "bpm.status",
    "pk": 3,
    "fields": {}
  },
  {
    "model": "bpm.status",
    "pk": 4,
    "fields": {}
  },
  {
    "model": "bpm.status",
    "pk": 5,
    "fields": {}
  },
  {
    "model": "bpm.status",
    "pk": 6,
    "fields": {}
  },
  {
    "model": "bpm.status",
    "pk": 7,
    "fields": {}
  },
  {
    "model": "bpm.availablestatuses",
    "pk": 1,
    "fields": {
      "task": 8,
      "status": 4
    }
  },
  {
    "model": "bpm.availablestatuses",
    "pk": 2,
    "fields": {
      "task": 8,
      "status": 2
    }
  },
  {
    "model": "bpm.availablestatuses",
    "pk": 3,
    "fields": {
      "task": 4,
      "status": 4
    }
  },
  {
    "model": "bpm.availablestatuses",
    "pk": 4,
    "fields": {
      "task": 4,
      "status": 2
    }
  },
  {
    "model": "bpm.availablestatuses",
    "pk": 5,
    "fields": {
      "task": 1,
      "status": 4
    }
  },
  {
    "model": "bpm.availablestatuses",
    "pk": 6,
    "fields": {
      "task": 1,
      "status": 2
    }
  },
  {
    "model": "bpm.availablestatuses",
    "pk": 7,
    "fields": {
      "task": 7,
      "status": 4
    }
  },
  {
    "model": "bpm.availablestatuses",
    "pk": 8,
    "fields": {
      "task": 7,
      "status": 5
    }
  },
  {
    "model": "bpm.availablestatuses",
    "pk": 9,
    "fields": {
      "task": 7,
      "status": 7
    }
  },
  {
    "model": "bpm.availablestatuses",
    "pk": 10,
    "fields": {
      "task": 5,
      "status": 4
    }
  },
  {
    "model": "bpm.availablestatuses",
    "pk": 11,
    "fields": {
      "task": 5,
      "status": 5
    }
  },
  {
    "model": "bpm.availablestatuses",
    "pk": 12,
    "fields": {
      "task": 5,
      "status": 7
    }
  },
  {
    "model": "bpm.availablestatuses",
    "pk": 13,
    "fields": {
      "task": 2,
      "status": 4
    }
  },
  {
    "model": "bpm.availablestatuses",
    "pk": 14,
    "fields": {
      "task": 2,
      "status": 5
    }
  },
  {
    "model": "bpm.availablestatuses",
    "pk": 15,
    "fields": {
      "task": 2,
      "status": 7
    }
  },
  {
    "model": "bpm.availablestatuses",
    "pk": 16,
    "fields": {
      "task": 9,
      "status": 6
    }
  },
  {
    "model": "bpm.availablestatuses",
    "pk": 17,
    "fields": {
      "task": 9,
      "status": 2
    }
  },
  {
    "model": "bpm.availablestatuses",
    "pk": 18,
    "fields": {
      "task": 9,
      "status": 5
    }
  },
  {
    "model": "bpm.availablestatuses",
    "pk": 19,
    "fields": {
      "task": 6,
      "status": 6
    }
  },
  {
    "model": "bpm.availablestatuses",
    "pk": 20,
    "fields": {
      "task": 6,
      "status": 5
    }
  },
  {
    "model": "bpm.availablestatuses",
    "pk": 21,
    "fields": {
      "task": 6,
      "status": 2
    }
  },
  {
    "model": "bpm.availablestatuses",
    "pk": 22,
    "fields": {
      "task": 3,
      "status": 6
    }
  },
  {
    "model": "bpm.availablestatuses",
    "pk": 23,
    "fields": {
      "task": 3,
      "status": 5
    }
  },
  {
    "model": "bpm.availablestatuses",
    "pk": 24,
    "fields": {
      "task": 3,
      "status": 2
    }
  },
  {
    "model": "bpm.availableprocesstask",
    "pk": 1,
    "fields": {
      "process_class": "incident",
      "process_title": "\u0418\u043d\u0446\u0438\u0434\u0435\u043d\u0442",
      "task_name": "escalation",
      "task_title": "\u042d\u0441\u043a\u0430\u043b\u0430\u0446\u0438\u044f"
    }
  },
  {
    "model": "bpm.availableprocesstask",
    "pk": 2,
    "fields": {
      "process_class": "incident",
      "process_title": "\u0418\u043d\u0446\u0438\u0434\u0435\u043d\u0442",
      "task_name": "implementation",
      "task_title": "\u0412\u044b\u043f\u043e\u043b\u043d\u0435\u043d\u0438\u0435"
    }
  },
  {
    "model": "bpm.availableprocesstask",
    "pk": 3,
    "fields": {
      "process_class": "incident",
      "process_title": "\u0418\u043d\u0446\u0438\u0434\u0435\u043d\u0442",
      "task_name": "close",
      "task_title": "\u0417\u0430\u043a\u0440\u044b\u0442\u0438\u0435"
    }
  },
  {
    "model": "bpm.availableprocesstask",
    "pk": 4,
    "fields": {
      "process_class": "accessrequest",
      "process_title": "\u041f\u0440\u0435\u0434\u043e\u0441\u0442\u0430\u0432\u043b\u0435\u043d\u0438\u0435 \u0434\u043e\u0441\u0442\u0443\u043f\u0430",
      "task_name": "escalation",
      "task_title": "\u042d\u0441\u043a\u0430\u043b\u0430\u0446\u0438\u044f"
    }
  },
  {
    "model": "bpm.availableprocesstask",
    "pk": 5,
    "fields": {
      "process_class": "accessrequest",
      "process_title": "\u041f\u0440\u0435\u0434\u043e\u0441\u0442\u0430\u0432\u043b\u0435\u043d\u0438\u0435 \u0434\u043e\u0441\u0442\u0443\u043f\u0430",
      "task_name": "implementation",
      "task_title": "\u0412\u044b\u043f\u043e\u043b\u043d\u0435\u043d\u0438\u0435"
    }
  },
  {
    "model": "bpm.availableprocesstask",
    "pk": 6,
    "fields": {
      "process_class": "accessrequest",
      "process_title": "\u041f\u0440\u0435\u0434\u043e\u0441\u0442\u0430\u0432\u043b\u0435\u043d\u0438\u0435 \u0434\u043e\u0441\u0442\u0443\u043f\u0430",
      "task_name": "close",
      "task_title": "\u0417\u0430\u043a\u0440\u044b\u0442\u0438\u0435"
    }
  },
  {
    "model": "bpm.availableprocesstask",
    "pk": 7,
    "fields": {
      "process_class": "servicerequest",
      "process_title": "C\u0435\u0440\u0432\u0438\u0441\u043d\u043e\u0435 \u043e\u0431\u0441\u043b\u0443\u0436\u0438\u0432\u0430\u043d\u0438\u0435",
      "task_name": "implementation",
      "task_title": "\u0412\u044b\u043f\u043e\u043b\u043d\u0435\u043d\u0438\u0435"
    }
  },
  {
    "model": "bpm.availableprocesstask",
    "pk": 8,
    "fields": {
      "process_class": "servicerequest",
      "process_title": "C\u0435\u0440\u0432\u0438\u0441\u043d\u043e\u0435 \u043e\u0431\u0441\u043b\u0443\u0436\u0438\u0432\u0430\u043d\u0438\u0435",
      "task_name": "escalation",
      "task_title": "\u042d\u0441\u043a\u0430\u043b\u0430\u0446\u0438\u044f"
    }
  },
  {
    "model": "bpm.availableprocesstask",
    "pk": 9,
    "fields": {
      "process_class": "servicerequest",
      "process_title": "C\u0435\u0440\u0432\u0438\u0441\u043d\u043e\u0435 \u043e\u0431\u0441\u043b\u0443\u0436\u0438\u0432\u0430\u043d\u0438\u0435",
      "task_name": "close",
      "task_title": "\u0417\u0430\u043a\u0440\u044b\u0442\u0438\u0435"
    }
  },
  {
    "model": "bpm.statusroadmap",
    "pk": 1,
    "fields": {
      "task": 2,
      "task_status": "ASSIGNED",
      "source_status": 2,
      "target_status": 3
    }
  },
  {
    "model": "bpm.statusroadmap",
    "pk": 2,
    "fields": {
      "task": 5,
      "task_status": "ASSIGNED",
      "source_status": 2,
      "target_status": 3
    }
  },
  {
    "model": "bpm.statusroadmap",
    "pk": 3,
    "fields": {
      "task": 7,
      "task_status": "ASSIGNED",
      "source_status": 2,
      "target_status": 3
    }
  },
  {
    "model": "bpm.statusroadmap",
    "pk": 4,
    "fields": {
      "task": 2,
      "task_status": "NEW",
      "source_status": 3,
      "target_status": 7
    }
  },
  {
    "model": "bpm.statusroadmap",
    "pk": 5,
    "fields": {
      "task": 5,
      "task_status": "NEW",
      "source_status": 3,
      "target_status": 7
    }
  },
  {
    "model": "bpm.statusroadmap",
    "pk": 6,
    "fields": {
      "task": 7,
      "task_status": "NEW",
      "source_status": 3,
      "target_status": 7
    }
  }
]